TransactionID,AccountID,Amount,Merchant,Category,Timestamp,Location
TXN000001,ACC0028,464.28,Amazon,Shopping,2023-07-06 13:04:00,"Houston, USA"
TXN000002,ACC0043,42.27,Shell,Gas,2023-09-17 09:42:00,"Vancouver, Canada"
TXN000003,ACC0027,63.35,Shell,Gas,2023-08-04 21:24:00,"Houston, USA"
TXN000004,ACC0044,430.65,Airbnb,Travel,2023-10-08 00:19:00,"Boston, USA"
TXN000005,ACC0019,1582.23,Best Buy,Electronics,2023-08-27 14:28:00,"Seattle, USA"
TXN000006,ACC0044,972.71,Best Buy,Electronics,2023-12-04 02:18:00,"Seattle, USA"
TXN000007,ACC0033,63.83,Uber,Transportation,2023-12-11 09:14:00,"Houston, USA"
TXN000008,ACC0013,1.75,Whole Foods,Groceries,2023-01-23 22:18:00,"São Paulo, Brazil"
TXN000009,ACC0002,492.29,Walmart,Shopping,2023-08-22 13:56:00,"Los Angeles, USA"
TXN000010,ACC0041,1450.77,Apple Store,Electronics,2023-05-05 04:41:00,"Boston, USA"
TXN000011,ACC0045,380.46,Amazon,Shopping,2023-08-06 07:11:00,"Houston, USA"
TXN000012,ACC0045,7.26,Netflix,Subscription,2023-08-22 04:51:00,"Los Angeles, USA"
TXN000013,ACC0030,98.85,Uber,Transportation,2023-11-10 23:57:00,"San Francisco, USA"
TXN000014,ACC0033,182.77,Trader Joe's,Groceries,2023-09-01 14:16:00,"Chicago, USA"
TXN000015,ACC0049,132.97,Costco,Groceries,2023-09-06 20:15:00,Singapore
TXN000016,ACC0018,109.32,Subway,Restaurants,2023-06-13 17:05:00,"Seattle, USA"
TXN000017,ACC0009,203.86,Target,Shopping,2023-02-02 13:26:00,"Houston, USA"
TXN000018,ACC0022,23.71,Spotify,Subscription,2023-07-19 18:44:00,"Boston, USA"
TXN000019,ACC0002,1554.63,American Airlines,Travel,2023-06-30 09:48:00,"New York, USA"
TXN000020,ACC0025,1911.52,American Airlines,Travel,2023-09-07 07:17:00,"Houston, USA"
TXN000021,ACC0028,63.22,Chipotle,Restaurants,2023-03-26 14:58:00,"Boston, USA"
TXN000022,ACC0009,102.58,Microsoft Store,Electronics,2023-02-12 20:27:00,"New York, USA"
TXN000023,ACC0009,445.29,American Airlines,Travel,2023-04-19 14:20:00,"Seattle, USA"
TXN000024,ACC0022,820.34,Expedia,Travel,2023-05-10 02:30:00,"Tokyo, Japan"
TXN000025,ACC0002,198.96,Airbnb,Travel,2023-11-29 02:49:00,"San Francisco, USA"
TXN000026,ACC0042,34.89,Walmart,Shopping,2023-11-15 04:15:00,"New York, USA"
TXN000027,ACC0009,24.24,Chipotle,Restaurants,2023-12-25 08:49:00,"Sydney, Australia"
TXN000028,ACC0024,619.03,Home Depot,Home Improvement,2023-03-25 09:06:00,"Houston, USA"
TXN000029,ACC0038,169.74,Amazon,Shopping,2023-07-23 22:12:00,"Boston, USA"
TXN000030,ACC0005,1669.61,Apple Store,Electronics,2023-12-17 19:51:00,"Miami, USA"
TXN000031,ACC0008,1587.01,Delta Airlines,Travel,2023-12-05 11:04:00,"Boston, USA"
TXN000032,ACC0033,5.57,Google Play,Subscription,2023-02-24 13:23:00,"San Francisco, USA"
TXN000033,ACC0041,1443.89,United Airlines,Travel,2023-11-12 17:49:00,"Miami, USA"
TXN000034,ACC0031,125.25,Subway,Restaurants,2023-05-06 02:17:00,"Seattle, USA"
TXN000035,ACC0029,100.97,Costco,Groceries,2023-06-22 00:31:00,"Boston, USA"
TXN000036,ACC0021,235.76,Home Depot,Home Improvement,2023-05-24 19:44:00,"London, UK"
TXN000037,ACC0018,28.25,Spotify,Subscription,2023-07-28 15:35:00,"Houston, USA"
TXN000038,ACC0049,103.08,Costco,Groceries,2023-01-09 02:18:00,"Sydney, Australia"
TXN000039,ACC0015,60.01,Whole Foods,Groceries,2023-08-31 17:33:00,"Seattle, USA"
TXN000040,ACC0023,116.82,Trader Joe's,Groceries,2023-05-19 09:16:00,"San Francisco, USA"
TXN000041,ACC0015,35.35,McDonald's,Restaurants,2023-04-09 06:47:00,"Chicago, USA"
TXN000042,ACC0031,303.0,CVS Pharmacy,Healthcare,2023-05-25 03:53:00,"Buenos Aires, Argentina"
TXN000043,ACC0013,193.22,Walgreens,Healthcare,2023-05-21 01:03:00,"Chicago, USA"
TXN000044,ACC0036,473.16,Walgreens,Healthcare,2023-02-22 00:36:00,"San Francisco, USA"
TXN000045,ACC0019,70.55,Chipotle,Restaurants,2023-05-10 15:07:00,"New York, USA"
TXN000046,ACC0005,23031.83,Starbucks,Restaurants,2023-03-19 04:51:00,"Los Angeles, USA"
TXN000047,ACC0037,497.08,Walgreens,Healthcare,2023-11-07 19:50:00,"Boston, USA"
TXN000048,ACC0040,111.68,Costco,Groceries,2023-06-02 18:27:00,"San Francisco, USA"
TXN000049,ACC0020,167.45,Apple Store,Electronics,2023-04-17 20:13:00,"Houston, USA"
TXN000050,ACC0017,19.92,Uber,Transportation,2023-03-22 00:26:00,"Los Angeles, USA"
TXN000051,ACC0029,49.64,Lyft,Transportation,2023-12-28 09:44:00,"Miami, USA"
TXN000052,ACC0030,41.15,Starbucks,Restaurants,2023-08-06 03:34:00,"Houston, USA"
TXN000053,ACC0015,45.88,Google Play,Subscription,2023-01-31 05:50:00,"Chicago, USA"
TXN000054,ACC0020,31776.98,United Airlines,Travel,2023-08-13 03:29:00,"Vancouver, Canada"
TXN000055,ACC0045,213.2,Walgreens,Healthcare,2023-08-13 02:38:00,"San Francisco, USA"
TXN000056,ACC0003,74.63,Trader Joe's,Groceries,2023-04-28 21:53:00,"Los Angeles, USA"
TXN000057,ACC0037,1999.17,Apple Store,Electronics,2023-10-23 01:48:00,"Miami, USA"
TXN000058,ACC0049,533.39,Home Depot,Home Improvement,2023-04-03 18:27:00,"Miami, USA"
TXN000059,ACC0041,1941.2,United Airlines,Travel,2023-06-20 10:42:00,"Boston, USA"
TXN000060,ACC0007,726.63,American Airlines,Travel,2023-09-11 09:42:00,"Buenos Aires, Argentina"
TXN000061,ACC0026,1145.18,United Airlines,Travel,2023-05-10 10:07:00,"Seattle, USA"
TXN000062,ACC0050,110.2,Whole Foods,Groceries,2023-08-25 13:03:00,"Mexico City, Mexico"
TXN000063,ACC0013,33.02,Netflix,Subscription,2023-01-27 06:17:00,"San Francisco, USA"
TXN000064,ACC0036,158.25,Target,Shopping,2023-03-04 00:40:00,"Dubai, UAE"
TXN000065,ACC0039,1448.59,Delta Airlines,Travel,2023-10-10 13:05:00,"New York, USA"
TXN000066,ACC0015,315.58,United Airlines,Travel,2023-09-13 22:18:00,"Miami, USA"
TXN000067,ACC0033,44.47,Lyft,Transportation,2023-05-05 14:35:00,"San Francisco, USA"
TXN000068,ACC0010,185.55,Whole Foods,Groceries,2023-02-05 08:49:00,"Chicago, USA"
TXN000069,ACC0027,68.32,Shell,Gas,2023-05-25 23:19:00,"New York, USA"
TXN000070,ACC0038,1004.8,Apple Store,Electronics,2023-06-26 10:35:00,"San Francisco, USA"
TXN000071,ACC0049,25.49,Spotify,Subscription,2023-12-24 07:36:00,"Houston, USA"
TXN000072,ACC0025,158.48,Costco,Groceries,2023-12-28 12:24:00,"San Francisco, USA"
TXN000073,ACC0043,40657.71,Google Play,Subscription,2023-01-19 04:32:00,"Dubai, UAE"
TXN000074,ACC0038,30.52,Shell,Gas,2023-09-27 14:00:00,"Houston, USA"
TXN000075,ACC0047,438.05,Target,Shopping,2023-02-08 15:50:00,"Chicago, USA"
TXN000076,ACC0017,63.1,Shell,Gas,2023-12-12 17:24:00,"Seattle, USA"
TXN000077,ACC0021,44.93,Google Play,Subscription,2023-11-13 02:15:00,"New York, USA"
TXN000078,ACC0041,32.3,Uber,Transportation,2023-08-11 03:48:00,"Los Angeles, USA"
TXN000079,ACC0041,14.55,Lyft,Transportation,2023-01-15 01:20:00,"Miami, USA"
TXN000080,ACC0004,199.92,Walgreens,Healthcare,2023-10-17 21:50:00,"Boston, USA"
TXN000081,ACC0012,106.6,Home Depot,Home Improvement,2023-12-16 07:31:00,"Buenos Aires, Argentina"
TXN000082,ACC0038,241.35,Target,Shopping,2023-12-08 00:57:00,"Miami, USA"
TXN000083,ACC0030,282.37,Walgreens,Healthcare,2023-10-28 09:40:00,"Seattle, USA"
TXN000084,ACC0028,48.4,Lyft,Transportation,2023-09-05 03:15:00,"Boston, USA"
TXN000085,ACC0025,1170.88,Apple Store,Electronics,2023-01-12 21:25:00,"Vancouver, Canada"
TXN000086,ACC0018,435.23,Amazon,Shopping,2023-11-07 23:31:00,"Los Angeles, USA"
TXN000087,ACC0019,537.22,Expedia,Travel,2023-11-22 06:39:00,"San Francisco, USA"
TXN000088,ACC0017,73.49,Uber,Transportation,2023-11-18 03:57:00,"Chicago, USA"
TXN000089,ACC0041,18.9,Google Play,Subscription,2023-03-09 02:58:00,"Seattle, USA"
TXN000090,ACC0019,47.85,Shell,Gas,2023-09-29 16:58:00,"Seattle, USA"
TXN000091,ACC0018,588.24,United Airlines,Travel,2023-06-01 23:55:00,"Dubai, UAE"
TXN000092,ACC0022,989.83,Delta Airlines,Travel,2023-12-13 23:43:00,"Houston, USA"
TXN000093,ACC0026,1158.89,American Airlines,Travel,2023-07-22 00:16:00,"Los Angeles, USA"
TXN000094,ACC0035,60.34,McDonald's,Restaurants,2023-10-27 12:52:00,"Toronto, Canada"
TXN000095,ACC0041,62.12,Exxon,Gas,2023-11-09 07:41:00,"Seattle, USA"
TXN000096,ACC0005,25.89,Google Play,Subscription,2023-03-01 04:02:00,"Tokyo, Japan"
TXN000097,ACC0003,75.74,Walgreens,Healthcare,2023-07-18 14:23:00,"Chicago, USA"
TXN000098,ACC0043,1897.35,Airbnb,Travel,2023-08-01 20:06:00,"Chicago, USA"
TXN000099,ACC0032,1881.15,Microsoft Store,Electronics,2023-04-22 14:28:00,"Seattle, USA"
TXN000100,ACC0016,288.77,American Airlines,Travel,2023-02-01 12:17:00,"Seattle, USA"
TXN000101,ACC0013,125.04,McDonald's,Restaurants,2023-11-25 20:38:00,"Houston, USA"
TXN000102,ACC0002,180.08,Walmart,Shopping,2023-04-16 02:53:00,"São Paulo, Brazil"
TXN000103,ACC0049,31.39,Spotify,Subscription,2023-06-18 04:50:00,"San Francisco, USA"
TXN000104,ACC0039,432.03,Amazon,Shopping,2023-10-04 08:51:00,"Chicago, USA"
TXN000105,ACC0012,131.04,McDonald's,Restaurants,2023-05-02 18:20:00,"Seattle, USA"
TXN000106,ACC0002,80.83,Home Depot,Home Improvement,2023-02-28 23:04:00,Singapore
TXN000107,ACC0031,59.41,Subway,Restaurants,2023-09-15 07:39:00,"San Francisco, USA"
TXN000108,ACC0003,1826.63,Airbnb,Travel,2023-08-23 20:01:00,"Miami, USA"
TXN000109,ACC0004,65.03,Chipotle,Restaurants,2023-12-31 14:04:00,"San Francisco, USA"
TXN000110,ACC0006,33.16,Shell,Gas,2023-07-15 19:33:00,"Seattle, USA"
TXN000111,ACC0019,93.97,Subway,Restaurants,2023-12-02 20:56:00,"Los Angeles, USA"
TXN000112,ACC0050,43.95,Spotify,Subscription,2023-07-31 10:52:00,"Houston, USA"
TXN000113,ACC0030,149.98,Whole Foods,Groceries,2023-12-07 08:23:00,"Seattle, USA"
TXN000114,ACC0010,50.06,Uber,Transportation,2023-02-17 13:06:00,"Los Angeles, USA"
TXN000115,ACC0048,1642.36,Airbnb,Travel,2023-12-10 03:26:00,"Seattle, USA"
TXN000116,ACC0023,1888.15,American Airlines,Travel,2023-05-28 19:19:00,"New York, USA"
TXN000117,ACC0023,80.05,McDonald's,Restaurants,2023-04-25 03:22:00,"San Francisco, USA"
TXN000118,ACC0036,66.94,Exxon,Gas,2023-10-15 19:39:00,"Boston, USA"
TXN000119,ACC0044,6.18,Google Play,Subscription,2023-01-15 05:17:00,"Toronto, Canada"
TXN000120,ACC0045,1850.92,Expedia,Travel,2023-03-15 18:42:00,"Chicago, USA"
TXN000121,ACC0026,113.22,Starbucks,Restaurants,2023-09-29 06:24:00,"Chicago, USA"
TXN000122,ACC0027,30.35,Subway,Restaurants,2023-10-18 19:05:00,"Seattle, USA"
TXN000123,ACC0004,382.13,Target,Shopping,2023-05-20 14:42:00,"Los Angeles, USA"
TXN000124,ACC0028,70.77,Chipotle,Restaurants,2023-06-26 13:07:00,"Los Angeles, USA"
TXN000125,ACC0019,61.35,Uber,Transportation,2023-01-24 07:25:00,"Miami, USA"
TXN000126,ACC0039,118.12,Walmart,Shopping,2023-05-11 09:20:00,"Miami, USA"
TXN000127,ACC0008,378.57,Amazon,Shopping,2023-09-30 22:14:00,"Boston, USA"
TXN000128,ACC0033,35.06,Spotify,Subscription,2023-01-22 13:01:00,"Boston, USA"
TXN000129,ACC0030,52.45,Starbucks,Restaurants,2023-12-30 20:26:00,"Boston, USA"
TXN000130,ACC0019,10.96,McDonald's,Restaurants,2023-12-20 11:05:00,"San Francisco, USA"
TXN000131,ACC0028,562.3,American Airlines,Travel,2023-07-22 09:47:00,"Los Angeles, USA"
TXN000132,ACC0022,159.14,Costco,Groceries,2023-09-29 16:12:00,"Los Angeles, USA"
TXN000133,ACC0050,65.01,Exxon,Gas,2023-05-01 03:09:00,"Miami, USA"
TXN000134,ACC0017,1224.68,Best Buy,Electronics,2023-04-01 20:31:00,"Chicago, USA"
TXN000135,ACC0030,1543.77,Expedia,Travel,2023-11-18 10:09:00,"Seattle, USA"
TXN000136,ACC0029,70.79,Starbucks,Restaurants,2023-10-30 01:22:00,"Miami, USA"
TXN000137,ACC0033,73.57,Starbucks,Restaurants,2023-05-27 02:41:00,"Seattle, USA"
TXN000138,ACC0006,1038.78,Microsoft Store,Electronics,2023-08-19 18:41:00,"New York, USA"
TXN000139,ACC0013,51.16,Shell,Gas,2023-08-19 03:51:00,"New York, USA"
TXN000140,ACC0022,52.93,Lyft,Transportation,2023-12-29 14:28:00,"Houston, USA"
TXN000141,ACC0034,12.14,Netflix,Subscription,2023-07-18 13:49:00,"Miami, USA"
TXN000142,ACC0022,9.97,Uber,Transportation,2023-02-03 10:06:00,"Seattle, USA"
TXN000143,ACC0036,31.99,Uber,Transportation,2023-03-18 10:05:00,"Buenos Aires, Argentina"
TXN000144,ACC0038,92.09,Uber,Transportation,2023-03-08 19:45:00,"Boston, USA"
TXN000145,ACC0006,200.81,Walgreens,Healthcare,2023-12-10 22:53:00,"Miami, USA"
TXN000146,ACC0048,55.01,Uber,Transportation,2023-09-18 11:01:00,"Boston, USA"
TXN000147,ACC0024,476.56,Walgreens,Healthcare,2023-04-09 07:08:00,"San Francisco, USA"
TXN000148,ACC0010,127.91,Starbucks,Restaurants,2023-12-05 10:56:00,"New York, USA"
TXN000149,ACC0050,1214.63,Microsoft Store,Electronics,2023-12-21 19:51:00,"Chicago, USA"
TXN000150,ACC0011,183.02,Airbnb,Travel,2023-08-16 19:18:00,"Houston, USA"
TXN000151,ACC0049,952.96,Airbnb,Travel,2023-08-29 06:23:00,"Miami, USA"
TXN000152,ACC0044,950.28,Apple Store,Electronics,2023-09-15 16:26:00,"Boston, USA"
TXN000153,ACC0011,1622.39,United Airlines,Travel,2023-01-27 20:30:00,"Miami, USA"
TXN000154,ACC0024,9.62,Spotify,Subscription,2023-05-26 02:48:00,"Houston, USA"
TXN000155,ACC0011,454.55,CVS Pharmacy,Healthcare,2023-02-16 07:52:00,"Boston, USA"
TXN000156,ACC0029,26.47,Exxon,Gas,2023-05-01 12:05:00,"Seattle, USA"
TXN000157,ACC0024,15104.24,Shell,Gas,2024-01-01 20:21:00,"Houston, USA"
TXN000158,ACC0010,157.7,Target,Shopping,2023-12-28 15:28:00,"Miami, USA"
TXN000159,ACC0040,58.03,Amazon,Shopping,2023-10-08 23:38:00,"Chicago, USA"
TXN000160,ACC0034,158.59,Trader Joe's,Groceries,2023-01-25 07:26:00,"Los Angeles, USA"
TXN000161,ACC0041,968.52,Delta Airlines,Travel,2023-11-02 17:01:00,"San Francisco, USA"
TXN000162,ACC0041,15.89,Netflix,Subscription,2023-01-01 19:22:00,"Boston, USA"
TXN000163,ACC0016,415.26,Apple Store,Electronics,2023-02-04 16:34:00,"Seattle, USA"
TXN000164,ACC0033,3.38,Walmart,Shopping,2023-06-26 23:05:00,"Houston, USA"
TXN000165,ACC0025,44299.91,Walmart,Shopping,2023-07-11 08:47:00,"Berlin, Germany"
TXN000166,ACC0002,28.72,Exxon,Gas,2023-10-25 23:48:00,"Los Angeles, USA"
TXN000167,ACC0022,189.1,Target,Shopping,2023-12-17 14:44:00,"Chicago, USA"
TXN000168,ACC0031,41.52,Google Play,Subscription,2023-01-19 09:12:00,"San Francisco, USA"
TXN000169,ACC0003,1783.0,Delta Airlines,Travel,2023-09-21 12:52:00,"Miami, USA"
TXN000170,ACC0035,13.2,Chipotle,Restaurants,2023-07-02 01:55:00,"Miami, USA"
TXN000171,ACC0042,31.85,Shell,Gas,2023-08-14 12:21:00,"Boston, USA"
TXN000172,ACC0012,78.65,Chipotle,Restaurants,2023-05-17 02:46:00,Singapore
TXN000173,ACC0028,93.55,Starbucks,Restaurants,2023-05-31 10:06:00,"Mexico City, Mexico"
TXN000174,ACC0006,41.26,Shell,Gas,2023-03-27 22:28:00,"Boston, USA"
TXN000175,ACC0023,111.21,Subway,Restaurants,2023-08-11 08:40:00,"Buenos Aires, Argentina"
TXN000176,ACC0004,98.53,Starbucks,Restaurants,2023-01-16 04:54:00,"Chicago, USA"
TXN000177,ACC0039,46.63,Uber,Transportation,2023-11-27 11:23:00,"Houston, USA"
TXN000178,ACC0025,1229.93,Apple Store,Electronics,2023-07-10 14:48:00,"Seattle, USA"
TXN000179,ACC0005,1082.45,Apple Store,Electronics,2023-05-08 03:01:00,"Miami, USA"
TXN000180,ACC0048,532.21,Home Depot,Home Improvement,2023-05-15 08:45:00,"Houston, USA"
TXN000181,ACC0029,606.87,Best Buy,Electronics,2023-04-13 03:08:00,"Dubai, UAE"
TXN000182,ACC0005,135.61,Subway,Restaurants,2023-12-16 10:42:00,"Los Angeles, USA"
TXN000183,ACC0023,57.25,Lyft,Transportation,2023-03-22 22:45:00,"Miami, USA"
TXN000184,ACC0045,40.72,Google Play,Subscription,2023-04-13 04:15:00,"Los Angeles, USA"
TXN000185,ACC0032,285.93,Amazon,Shopping,2023-11-10 02:04:00,"Chicago, USA"
TXN000186,ACC0020,147.99,Whole Foods,Groceries,2023-10-22 02:08:00,"Boston, USA"
TXN000187,ACC0021,25.25,Google Play,Subscription,2023-03-07 17:40:00,"Seattle, USA"
TXN000188,ACC0038,967.28,Home Depot,Home Improvement,2023-03-05 16:09:00,"New York, USA"
TXN000189,ACC0020,342.98,Home Depot,Home Improvement,2023-09-23 09:54:00,"Paris, France"
TXN000190,ACC0006,324.83,CVS Pharmacy,Healthcare,2023-11-17 09:39:00,"Chicago, USA"
TXN000191,ACC0035,99.02,Starbucks,Restaurants,2023-03-29 21:39:00,"Chicago, USA"
TXN000192,ACC0047,1692.93,Microsoft Store,Electronics,2023-02-11 01:41:00,"New York, USA"
TXN000193,ACC0050,1319.7,Apple Store,Electronics,2023-11-13 20:01:00,"Tokyo, Japan"
TXN000194,ACC0032,18.04,Google Play,Subscription,2023-05-06 21:25:00,"Dubai, UAE"
TXN000195,ACC0020,105.78,Subway,Restaurants,2023-09-05 14:13:00,"Boston, USA"
TXN000196,ACC0022,659.54,Microsoft Store,Electronics,2023-07-24 04:48:00,"Paris, France"
TXN000197,ACC0024,9.78,Netflix,Subscription,2023-05-17 14:15:00,"Los Angeles, USA"
TXN000198,ACC0010,49.21,McDonald's,Restaurants,2023-05-08 05:52:00,"Boston, USA"
TXN000199,ACC0021,659.79,Apple Store,Electronics,2023-09-21 14:31:00,"Dubai, UAE"
TXN000200,ACC0020,20.79,Chipotle,Restaurants,2023-05-04 06:37:00,"San Francisco, USA"
TXN000201,ACC0023,155.05,Walmart,Shopping,2023-05-27 17:00:00,"San Francisco, USA"
TXN000202,ACC0007,178.25,Trader Joe's,Groceries,2023-07-07 01:25:00,"Berlin, Germany"
TXN000203,ACC0004,429.58,Apple Store,Electronics,2023-07-17 16:28:00,"Los Angeles, USA"
TXN000204,ACC0049,42.14,Spotify,Subscription,2023-03-07 03:25:00,"Los Angeles, USA"
TXN000205,ACC0024,1159.88,Delta Airlines,Travel,2023-04-12 19:32:00,"Chicago, USA"
TXN000206,ACC0026,7.04,Netflix,Subscription,2023-08-31 16:29:00,"Seattle, USA"
TXN000207,ACC0010,1055.24,Microsoft Store,Electronics,2023-03-25 12:39:00,"Seattle, USA"
TXN000208,ACC0048,1228.08,United Airlines,Travel,2023-12-29 18:19:00,"San Francisco, USA"
TXN000209,ACC0031,799.88,United Airlines,Travel,2023-10-26 09:50:00,"Boston, USA"
TXN000210,ACC0047,44244.46,Google Play,Subscription,2023-08-31 08:41:00,"Buenos Aires, Argentina"
TXN000211,ACC0050,3.38,Walmart,Shopping,2023-06-26 23:24:00,"Houston, USA"
TXN000212,ACC0047,250.62,Walmart,Shopping,2023-03-17 21:15:00,"Boston, USA"
TXN000213,ACC0003,264.3,Apple Store,Electronics,2023-08-03 04:26:00,"Seattle, USA"
TXN000214,ACC0045,1028.55,Best Buy,Electronics,2023-02-01 22:08:00,"San Francisco, USA"
TXN000215,ACC0034,683.85,Best Buy,Electronics,2023-06-10 05:29:00,"Boston, USA"
TXN000216,ACC0035,44.49,Shell,Gas,2023-07-22 00:19:00,"Buenos Aires, Argentina"
TXN000217,ACC0040,143.94,Chipotle,Restaurants,2023-04-26 09:49:00,"Miami, USA"
TXN000218,ACC0019,70.57,Lyft,Transportation,2023-06-28 17:59:00,"San Francisco, USA"
TXN000219,ACC0047,78.5,CVS Pharmacy,Healthcare,2023-07-22 11:49:00,"Boston, USA"
TXN000220,ACC0010,158.06,Walgreens,Healthcare,2023-08-15 20:16:00,"Paris, France"
TXN000221,ACC0048,36.69,Chipotle,Restaurants,2023-03-12 03:39:00,"Miami, USA"
TXN000222,ACC0048,522.79,Apple Store,Electronics,2023-11-23 07:03:00,"Houston, USA"
TXN000223,ACC0007,147.71,Trader Joe's,Groceries,2023-01-03 17:59:00,"Chicago, USA"
TXN000224,ACC0011,187.98,Trader Joe's,Groceries,2023-11-30 06:48:00,"Dubai, UAE"
TXN000225,ACC0019,60.52,Shell,Gas,2023-11-30 18:14:00,"Chicago, USA"
TXN000226,ACC0035,1715.63,Airbnb,Travel,2023-08-02 05:59:00,"Chicago, USA"
TXN000227,ACC0003,1597.13,United Airlines,Travel,2023-01-20 00:19:00,"Miami, USA"
TXN000228,ACC0037,1860.49,Microsoft Store,Electronics,2023-11-25 17:33:00,"San Francisco, USA"
TXN000229,ACC0032,262.02,Target,Shopping,2023-06-19 05:46:00,"Los Angeles, USA"
TXN000230,ACC0030,37.34,Google Play,Subscription,2023-06-01 18:43:00,"Seattle, USA"
TXN000231,ACC0049,1241.36,Best Buy,Electronics,2023-08-07 16:20:00,"Boston, USA"
TXN000232,ACC0006,32.65,Whole Foods,Groceries,2023-06-15 07:00:00,"Dubai, UAE"
TXN000233,ACC0017,97.65,Whole Foods,Groceries,2023-06-04 18:46:00,"Seattle, USA"
TXN000234,ACC0037,333.77,Amazon,Shopping,2023-12-08 03:29:00,"New York, USA"
TXN000235,ACC0020,695.49,Home Depot,Home Improvement,2023-12-20 03:40:00,"Vancouver, Canada"
TXN000236,ACC0019,37.15,Exxon,Gas,2023-03-20 14:47:00,"Dubai, UAE"
TXN000237,ACC0039,63.61,Exxon,Gas,2023-12-07 06:48:00,"Mexico City, Mexico"
TXN000238,ACC0016,61.6,Uber,Transportation,2023-08-17 16:45:00,Singapore
TXN000239,ACC0024,88.11,Starbucks,Restaurants,2023-10-21 17:09:00,"Houston, USA"
TXN000240,ACC0011,53.62,Shell,Gas,2023-10-26 15:05:00,"Houston, USA"
TXN000241,ACC0033,15.9,Subway,Restaurants,2023-08-22 18:03:00,"Boston, USA"
TXN000242,ACC0036,122.58,Subway,Restaurants,2023-05-11 00:47:00,"Berlin, Germany"
TXN000243,ACC0014,138.32,Apple Store,Electronics,2023-10-05 01:59:00,"Los Angeles, USA"
TXN000244,ACC0005,48.77,Chipotle,Restaurants,2023-11-25 23:41:00,"Chicago, USA"
TXN000245,ACC0027,46.04,Exxon,Gas,2023-07-12 02:43:00,"Berlin, Germany"
TXN000246,ACC0043,352.68,American Airlines,Travel,2023-04-02 17:25:00,"Houston, USA"
TXN000247,ACC0034,489.79,Target,Shopping,2023-06-02 14:43:00,"New York, USA"
TXN000248,ACC0047,28.94,Spotify,Subscription,2023-08-24 11:09:00,"San Francisco, USA"
TXN000249,ACC0018,1756.66,Best Buy,Electronics,2023-12-05 13:39:00,"Los Angeles, USA"
TXN000250,ACC0050,118.92,Amazon,Shopping,2023-08-17 19:43:00,"New York, USA"
TXN000251,ACC0046,564.99,American Airlines,Travel,2023-04-30 17:13:00,"San Francisco, USA"
TXN000252,ACC0049,2.74,Delta Airlines,Travel,2023-09-19 03:00:00,"London, UK"
TXN000253,ACC0009,15.54,Netflix,Subscription,2023-06-13 18:38:00,"São Paulo, Brazil"
TXN000254,ACC0050,35.46,Uber,Transportation,2023-12-05 16:14:00,"Chicago, USA"
TXN000255,ACC0027,49.26,Walgreens,Healthcare,2023-11-17 21:27:00,"Seattle, USA"
TXN000256,ACC0036,146.07,Chipotle,Restaurants,2023-09-26 10:44:00,"Berlin, Germany"
TXN000257,ACC0027,70.48,Trader Joe's,Groceries,2023-05-04 07:19:00,"San Francisco, USA"
TXN000258,ACC0046,242.25,Target,Shopping,2023-08-02 17:33:00,"Boston, USA"
TXN000259,ACC0009,62.17,Whole Foods,Groceries,2023-08-19 11:05:00,"Los Angeles, USA"
TXN000260,ACC0035,461.92,Airbnb,Travel,2023-02-07 06:51:00,"New York, USA"
TXN000261,ACC0049,1359.33,Apple Store,Electronics,2023-06-20 09:58:00,"Houston, USA"
TXN000262,ACC0001,420.55,Best Buy,Electronics,2023-05-05 22:38:00,"Dubai, UAE"
TXN000263,ACC0046,1834.5,Best Buy,Electronics,2023-07-14 14:34:00,"Miami, USA"
TXN000264,ACC0042,39.39,Exxon,Gas,2023-08-27 03:51:00,"San Francisco, USA"
TXN000265,ACC0047,127.24,Chipotle,Restaurants,2023-06-10 13:02:00,"Paris, France"
TXN000266,ACC0037,1508.38,American Airlines,Travel,2023-06-01 04:12:00,"Boston, USA"
TXN000267,ACC0022,120.41,Costco,Groceries,2023-05-12 15:46:00,"Seattle, USA"
TXN000268,ACC0042,975.58,Airbnb,Travel,2023-03-28 04:46:00,"Paris, France"
TXN000269,ACC0035,138.2,Chipotle,Restaurants,2023-09-26 01:53:00,"New York, USA"
TXN000270,ACC0005,192.18,United Airlines,Travel,2023-11-19 07:04:00,"Chicago, USA"
TXN000271,ACC0046,124.99,Target,Shopping,2023-11-13 20:42:00,"New York, USA"
TXN000272,ACC0040,77.28,Chipotle,Restaurants,2023-01-07 00:33:00,"Boston, USA"
TXN000273,ACC0047,489.19,CVS Pharmacy,Healthcare,2023-04-02 03:58:00,"Boston, USA"
TXN000274,ACC0007,15.84,Netflix,Subscription,2023-07-01 08:50:00,"Miami, USA"
TXN000275,ACC0026,144.22,Starbucks,Restaurants,2023-12-23 07:19:00,"Houston, USA"
TXN000276,ACC0044,253.17,United Airlines,Travel,2023-02-17 12:24:00,"Los Angeles, USA"
TXN000277,ACC0025,7.53,Spotify,Subscription,2023-02-12 15:54:00,"Chicago, USA"
TXN000278,ACC0028,19.91,Google Play,Subscription,2023-09-28 01:14:00,"Houston, USA"
TXN000279,ACC0014,1786.35,American Airlines,Travel,2023-02-08 21:59:00,"New York, USA"
TXN000280,ACC0018,34.61,Spotify,Subscription,2023-01-09 06:37:00,"Seattle, USA"
TXN000281,ACC0010,1454.15,Expedia,Travel,2023-06-03 05:36:00,"Los Angeles, USA"
TXN000282,ACC0016,1706.41,Apple Store,Electronics,2023-07-16 23:08:00,"Seattle, USA"
TXN000283,ACC0045,1051.51,Airbnb,Travel,2023-02-20 13:14:00,"Los Angeles, USA"
TXN000284,ACC0005,67.3,Shell,Gas,2023-06-17 00:40:00,"Berlin, Germany"
TXN000285,ACC0018,1032.15,Delta Airlines,Travel,2023-08-10 05:43:00,"Boston, USA"
TXN000286,ACC0038,13.14,Uber,Transportation,2024-01-01 02:05:00,"Houston, USA"
TXN000287,ACC0018,361.61,Target,Shopping,2023-06-12 11:06:00,"Boston, USA"
TXN000288,ACC0006,233.47,Amazon,Shopping,2023-03-09 02:11:00,"Houston, USA"
TXN000289,ACC0028,86.77,Subway,Restaurants,2023-02-15 11:35:00,"New York, USA"
TXN000290,ACC0006,1.75,Whole Foods,Groceries,2023-01-23 22:00:00,"São Paulo, Brazil"
TXN000291,ACC0025,218.63,Amazon,Shopping,2023-05-05 18:33:00,"Mexico City, Mexico"
TXN000292,ACC0011,21.1,Uber,Transportation,2023-09-10 04:04:00,"Miami, USA"
TXN000293,ACC0011,92.9,Trader Joe's,Groceries,2023-07-04 08:15:00,"Los Angeles, USA"
TXN000294,ACC0047,31.72,Google Play,Subscription,2023-03-11 09:00:00,"Los Angeles, USA"
TXN000295,ACC0026,59.11,Shell,Gas,2023-08-14 10:27:00,"London, UK"
TXN000296,ACC0042,635.85,Microsoft Store,Electronics,2023-09-03 10:11:00,"Houston, USA"
TXN000297,ACC0026,65.42,Shell,Gas,2023-06-16 12:17:00,"Houston, USA"
TXN000298,ACC0026,76.26,Exxon,Gas,2023-12-16 17:01:00,"Chicago, USA"
TXN000299,ACC0047,37.77,Subway,Restaurants,2023-07-29 21:31:00,"Chicago, USA"
TXN000300,ACC0009,15.89,Google Play,Subscription,2023-07-13 02:28:00,"Boston, USA"
TXN000301,ACC0039,64.91,Chipotle,Restaurants,2023-10-06 01:50:00,"Boston, USA"
TXN000302,ACC0024,82.17,Lyft,Transportation,2023-02-25 07:42:00,"Los Angeles, USA"
TXN000303,ACC0043,60.58,Exxon,Gas,2023-06-19 13:06:00,"Boston, USA"
TXN000304,ACC0001,39.52,McDonald's,Restaurants,2023-10-25 22:36:00,"Mexico City, Mexico"
TXN000305,ACC0015,63.54,Subway,Restaurants,2023-12-20 16:09:00,"São Paulo, Brazil"
TXN000306,ACC0023,70.18,Amazon,Shopping,2023-03-01 23:09:00,"Los Angeles, USA"
TXN000307,ACC0023,238.56,Walgreens,Healthcare,2023-06-28 15:06:00,"San Francisco, USA"
TXN000308,ACC0029,959.65,Airbnb,Travel,2023-12-30 03:01:00,"New York, USA"
TXN000309,ACC0022,35.47,Google Play,Subscription,2023-09-22 05:35:00,"Houston, USA"
TXN000310,ACC0011,48.45,Shell,Gas,2023-11-19 05:11:00,"Boston, USA"
TXN000311,ACC0041,42.58,Uber,Transportation,2023-08-19 18:27:00,"Boston, USA"
TXN000312,ACC0025,123.1,Amazon,Shopping,2023-10-23 03:51:00,"Los Angeles, USA"
TXN000313,ACC0035,346.21,Home Depot,Home Improvement,2023-12-10 15:33:00,"Miami, USA"
TXN000314,ACC0041,46.38,Shell,Gas,2023-06-28 11:54:00,"Los Angeles, USA"
TXN000315,ACC0030,1636.79,Microsoft Store,Electronics,2023-11-11 18:05:00,"Vancouver, Canada"
TXN000316,ACC0044,11027.65,McDonald's,Restaurants,2023-03-01 05:23:00,"Vancouver, Canada"
TXN000317,ACC0045,206.46,Target,Shopping,2023-08-05 05:31:00,"Boston, USA"
TXN000318,ACC0041,46.36,Spotify,Subscription,2023-10-12 05:31:00,"Seattle, USA"
TXN000319,ACC0019,171.0,Target,Shopping,2023-07-03 00:31:00,"New York, USA"
TXN000320,ACC0009,798.69,Best Buy,Electronics,2023-07-29 21:31:00,"San Francisco, USA"
TXN000321,ACC0027,2.74,Delta Airlines,Travel,2023-09-19 03:38:00,"London, UK"
TXN000322,ACC0032,578.44,Home Depot,Home Improvement,2023-05-30 01:17:00,"San Francisco, USA"
TXN000323,ACC0015,12.57,Spotify,Subscription,2023-10-09 16:07:00,"San Francisco, USA"
TXN000324,ACC0037,118.07,McDonald's,Restaurants,2023-10-05 01:48:00,"Paris, France"
TXN000325,ACC0047,39.03,Subway,Restaurants,2023-06-02 01:28:00,"Houston, USA"
TXN000326,ACC0017,69.92,Exxon,Gas,2023-05-02 06:51:00,"Los Angeles, USA"
TXN000327,ACC0048,733.73,Apple Store,Electronics,2023-03-26 19:08:00,"Tokyo, Japan"
TXN000328,ACC0014,1630.34,United Airlines,Travel,2023-11-02 17:10:00,"Miami, USA"
TXN000329,ACC0021,32.49,Lyft,Transportation,2023-03-11 13:58:00,"Los Angeles, USA"
TXN000330,ACC0004,334.83,CVS Pharmacy,Healthcare,2023-05-08 04:45:00,"Miami, USA"
TXN000331,ACC0021,1546.8,United Airlines,Travel,2023-03-14 18:40:00,"San Francisco, USA"
TXN000332,ACC0018,21.88,Google Play,Subscription,2023-07-26 16:47:00,"Los Angeles, USA"
TXN000333,ACC0018,88.35,Lyft,Transportation,2023-06-17 18:00:00,"San Francisco, USA"
TXN000334,ACC0050,276.97,American Airlines,Travel,2023-02-08 15:53:00,"Dubai, UAE"
TXN000335,ACC0005,855.66,Delta Airlines,Travel,2023-09-11 08:20:00,"Boston, USA"
TXN000336,ACC0019,56.79,Shell,Gas,2023-06-25 21:48:00,"San Francisco, USA"
TXN000337,ACC0004,320.57,Walmart,Shopping,2023-03-05 05:28:00,"New York, USA"
TXN000338,ACC0030,117.11,Amazon,Shopping,2023-11-29 09:10:00,"Chicago, USA"
TXN000339,ACC0018,59.18,Starbucks,Restaurants,2023-01-27 12:40:00,"Chicago, USA"
TXN000340,ACC0020,1534.94,Airbnb,Travel,2023-12-27 03:00:00,"Los Angeles, USA"
TXN000341,ACC0014,26.84,Chipotle,Restaurants,2023-01-05 00:44:00,"San Francisco, USA"
TXN000342,ACC0022,1977.49,United Airlines,Travel,2023-09-02 02:14:00,"Chicago, USA"
TXN000343,ACC0025,122.45,Starbucks,Restaurants,2023-06-03 04:24:00,"Seattle, USA"
TXN000344,ACC0050,1761.54,United Airlines,Travel,2023-02-05 16:36:00,"Chicago, USA"
TXN000345,ACC0001,370.03,Microsoft Store,Electronics,2023-11-18 23:09:00,"Houston, USA"
TXN000346,ACC0027,912.65,Microsoft Store,Electronics,2023-03-13 03:37:00,"Los Angeles, USA"
TXN000347,ACC0047,193.2,Whole Foods,Groceries,2023-05-07 08:41:00,"Chicago, USA"
TXN000348,ACC0006,126.18,Costco,Groceries,2023-12-20 00:54:00,"Vancouver, Canada"
TXN000349,ACC0043,268.52,Walgreens,Healthcare,2023-06-01 20:03:00,"Boston, USA"
TXN000350,ACC0016,24.01,Chipotle,Restaurants,2023-09-28 00:23:00,"Los Angeles, USA"
TXN000351,ACC0021,433.19,Target,Shopping,2023-10-07 21:11:00,"Seattle, USA"
TXN000352,ACC0049,18.36,Chipotle,Restaurants,2023-05-15 06:02:00,"New York, USA"
TXN000353,ACC0004,1062.56,Delta Airlines,Travel,2023-08-05 22:25:00,"Boston, USA"
TXN000354,ACC0006,29.19,Google Play,Subscription,2023-06-08 02:32:00,"Los Angeles, USA"
TXN000355,ACC0014,1119.14,Delta Airlines,Travel,2023-06-08 22:27:00,"Los Angeles, USA"
TXN000356,ACC0047,210.02,American Airlines,Travel,2023-03-01 14:39:00,"Boston, USA"
TXN000357,ACC0039,339.72,Walmart,Shopping,2023-03-03 00:45:00,"Chicago, USA"
TXN000358,ACC0009,20.56,Lyft,Transportation,2023-09-22 23:16:00,Singapore
TXN000359,ACC0011,66.24,Exxon,Gas,2023-01-16 10:51:00,"Houston, USA"
TXN000360,ACC0028,50.66,CVS Pharmacy,Healthcare,2023-11-18 02:31:00,"São Paulo, Brazil"
TXN000361,ACC0030,7.49,Netflix,Subscription,2023-07-08 05:16:00,"Seattle, USA"
TXN000362,ACC0050,89.5,McDonald's,Restaurants,2023-09-18 00:02:00,"San Francisco, USA"
TXN000363,ACC0001,102.28,Costco,Groceries,2023-04-02 01:35:00,"Chicago, USA"
TXN000364,ACC0046,896.8,Airbnb,Travel,2023-06-13 08:52:00,"Boston, USA"
TXN000365,ACC0005,282.83,Apple Store,Electronics,2023-04-02 07:51:00,"New York, USA"
TXN000366,ACC0034,53.08,Walmart,Shopping,2023-06-09 10:05:00,"Miami, USA"
TXN000367,ACC0036,60.39,Subway,Restaurants,2023-11-15 07:29:00,"Miami, USA"
TXN000368,ACC0024,1995.68,Apple Store,Electronics,2023-05-06 04:00:00,"Mexico City, Mexico"
TXN000369,ACC0027,3.38,Walmart,Shopping,2023-06-26 23:00:00,"Houston, USA"
TXN000370,ACC0015,33.62,Spotify,Subscription,2023-06-21 00:48:00,"New York, USA"
TXN000371,ACC0043,151.55,Whole Foods,Groceries,2023-09-29 07:26:00,"Houston, USA"
TXN000372,ACC0032,361.59,Walmart,Shopping,2023-09-24 13:44:00,"Houston, USA"
TXN000373,ACC0024,20.06,Subway,Restaurants,2023-11-23 12:04:00,"Chicago, USA"
TXN000374,ACC0038,898.22,Apple Store,Electronics,2023-05-30 08:54:00,"San Francisco, USA"
TXN000375,ACC0021,1431.38,Delta Airlines,Travel,2023-08-20 08:14:00,"London, UK"
TXN000376,ACC0005,1570.88,Best Buy,Electronics,2023-02-24 05:28:00,"Chicago, USA"
TXN000377,ACC0030,31.64,Shell,Gas,2023-08-20 09:29:00,"Houston, USA"
TXN000378,ACC0017,271.8,American Airlines,Travel,2023-12-27 22:38:00,"Vancouver, Canada"
TXN000379,ACC0003,1720.32,Best Buy,Electronics,2023-07-02 12:32:00,"Houston, USA"
TXN000380,ACC0004,29.72,Uber,Transportation,2023-07-27 14:35:00,"New York, USA"
TXN000381,ACC0048,9.26,Spotify,Subscription,2023-03-04 00:03:00,"Chicago, USA"
TXN000382,ACC0050,51.65,Costco,Groceries,2023-10-26 18:16:00,"Los Angeles, USA"
TXN000383,ACC0005,114.92,Amazon,Shopping,2023-02-17 10:07:00,"Chicago, USA"
TXN000384,ACC0003,47402.63,Walmart,Shopping,2023-08-10 23:25:00,"São Paulo, Brazil"
TXN000385,ACC0032,347.94,Amazon,Shopping,2023-04-06 08:17:00,"Houston, USA"
TXN000386,ACC0029,314.77,Target,Shopping,2023-09-13 13:56:00,"Miami, USA"
TXN000387,ACC0036,20.46,Chipotle,Restaurants,2023-04-13 20:56:00,"Boston, USA"
TXN000388,ACC0034,198.91,Costco,Groceries,2023-07-15 22:22:00,"New York, USA"
TXN000389,ACC0031,26.81,Spotify,Subscription,2023-06-14 12:17:00,Singapore
TXN000390,ACC0012,1.75,Whole Foods,Groceries,2023-01-23 22:05:00,"São Paulo, Brazil"
TXN000391,ACC0021,107.14,Microsoft Store,Electronics,2023-01-30 15:33:00,"Toronto, Canada"
TXN000392,ACC0023,1999.25,Expedia,Travel,2023-05-07 21:15:00,"Houston, USA"
TXN000393,ACC0018,40.61,Spotify,Subscription,2023-10-22 12:22:00,"San Francisco, USA"
TXN000394,ACC0012,604.74,Home Depot,Home Improvement,2023-10-30 00:45:00,"Paris, France"
TXN000395,ACC0045,56.0,Exxon,Gas,2023-09-10 17:19:00,"Houston, USA"
TXN000396,ACC0012,20.82,Chipotle,Restaurants,2023-01-11 16:30:00,"Houston, USA"
TXN000397,ACC0001,58.78,Shell,Gas,2023-04-01 10:03:00,"London, UK"
TXN000398,ACC0002,358.25,Target,Shopping,2023-09-27 11:04:00,"Los Angeles, USA"
TXN000399,ACC0024,42.58,Lyft,Transportation,2023-06-15 04:10:00,"Miami, USA"
TXN000400,ACC0047,133.26,Trader Joe's,Groceries,2023-03-31 22:35:00,"Seattle, USA"
TXN000401,ACC0045,745.81,Microsoft Store,Electronics,2023-07-13 09:46:00,"Chicago, USA"
TXN000402,ACC0045,105.3,Walgreens,Healthcare,2023-10-18 01:11:00,"Boston, USA"
TXN000403,ACC0039,69.48,Shell,Gas,2023-09-12 04:21:00,"Los Angeles, USA"
TXN000404,ACC0048,57.25,Starbucks,Restaurants,2023-03-27 20:56:00,"Seattle, USA"
TXN000405,ACC0006,1373.05,United Airlines,Travel,2023-08-17 00:16:00,"London, UK"
TXN000406,ACC0014,27.54,Costco,Groceries,2023-01-01 01:24:00,"Los Angeles, USA"
TXN000407,ACC0029,1941.29,Airbnb,Travel,2023-07-13 11:34:00,"Dubai, UAE"
TXN000408,ACC0025,76.09,McDonald's,Restaurants,2023-03-25 14:04:00,"San Francisco, USA"
TXN000409,ACC0003,172.98,Walgreens,Healthcare,2023-06-25 05:56:00,"Chicago, USA"
TXN000410,ACC0025,102.75,Home Depot,Home Improvement,2023-06-23 19:39:00,"Chicago, USA"
TXN000411,ACC0031,45.98,Lyft,Transportation,2023-03-22 01:06:00,"Boston, USA"
TXN000412,ACC0022,848.1,Best Buy,Electronics,2023-12-05 09:19:00,"Miami, USA"
TXN000413,ACC0016,63.79,McDonald's,Restaurants,2023-03-20 01:23:00,"San Francisco, USA"
TXN000414,ACC0001,69.49,Trader Joe's,Groceries,2023-04-13 03:01:00,"San Francisco, USA"
TXN000415,ACC0014,313.06,Home Depot,Home Improvement,2023-06-07 12:30:00,"Los Angeles, USA"
TXN000416,ACC0032,13.66,Uber,Transportation,2023-03-27 21:00:00,Singapore
TXN000417,ACC0012,45.98,Exxon,Gas,2023-05-15 14:29:00,"New York, USA"
TXN000418,ACC0017,64.68,Costco,Groceries,2023-02-13 21:22:00,"Los Angeles, USA"
TXN000419,ACC0035,124.1,Trader Joe's,Groceries,2023-09-25 13:34:00,"Boston, USA"
TXN000420,ACC0044,1002.17,American Airlines,Travel,2023-06-03 02:25:00,"Dubai, UAE"
TXN000421,ACC0046,294.19,Walmart,Shopping,2023-03-03 14:11:00,"Chicago, USA"
TXN000422,ACC0011,425.82,Best Buy,Electronics,2023-12-16 13:12:00,"Los Angeles, USA"
TXN000423,ACC0041,305.62,Target,Shopping,2023-02-14 12:35:00,"Los Angeles, USA"
TXN000424,ACC0026,43.55,Spotify,Subscription,2023-12-25 19:37:00,"New York, USA"
TXN000425,ACC0034,313.79,Delta Airlines,Travel,2023-02-24 18:49:00,"Los Angeles, USA"
TXN000426,ACC0007,1748.2,Delta Airlines,Travel,2023-05-16 12:41:00,"Tokyo, Japan"
TXN000427,ACC0032,972.44,Apple Store,Electronics,2023-03-15 19:38:00,"Boston, USA"
TXN000428,ACC0044,8.68,Lyft,Transportation,2023-12-20 07:03:00,"London, UK"
TXN000429,ACC0048,46.14,Chipotle,Restaurants,2023-06-05 09:17:00,"Seattle, USA"
TXN000430,ACC0032,1401.22,American Airlines,Travel,2023-03-10 09:47:00,"San Francisco, USA"
TXN000431,ACC0029,709.65,Expedia,Travel,2023-11-27 02:12:00,"Buenos Aires, Argentina"
TXN000432,ACC0029,1656.74,Best Buy,Electronics,2023-07-11 01:32:00,Singapore
TXN000433,ACC0011,108.76,Starbucks,Restaurants,2023-03-30 06:56:00,"New York, USA"
TXN000434,ACC0013,574.03,United Airlines,Travel,2023-12-27 06:17:00,"Seattle, USA"
TXN000435,ACC0024,1059.74,United Airlines,Travel,2023-12-15 00:15:00,"Los Angeles, USA"
TXN000436,ACC0024,71.35,Chipotle,Restaurants,2023-10-28 17:22:00,"Dubai, UAE"
TXN000437,ACC0023,897.66,Home Depot,Home Improvement,2023-05-26 00:24:00,"Chicago, USA"
TXN000438,ACC0004,585.09,Home Depot,Home Improvement,2023-11-28 07:43:00,"San Francisco, USA"
TXN000439,ACC0014,216.56,CVS Pharmacy,Healthcare,2023-08-31 04:41:00,"New York, USA"
TXN000440,ACC0012,66.5,Microsoft Store,Electronics,2023-12-31 22:41:00,"Miami, USA"
TXN000441,ACC0018,84.65,Trader Joe's,Groceries,2023-04-22 14:19:00,"Miami, USA"
TXN000442,ACC0044,33.06,Netflix,Subscription,2023-09-19 21:53:00,"New York, USA"
TXN000443,ACC0024,31.72,Spotify,Subscription,2023-09-04 02:21:00,"Los Angeles, USA"
TXN000444,ACC0018,2.74,Delta Airlines,Travel,2023-09-19 03:15:00,"London, UK"
TXN000445,ACC0018,361.33,CVS Pharmacy,Healthcare,2023-04-07 04:33:00,"Vancouver, Canada"
TXN000446,ACC0049,25.5,Costco,Groceries,2023-07-26 21:20:00,"Buenos Aires, Argentina"
TXN000447,ACC0044,32.22,Target,Shopping,2023-05-13 13:25:00,"Miami, USA"
TXN000448,ACC0025,1207.75,Airbnb,Travel,2023-06-25 23:45:00,"Boston, USA"
TXN000449,ACC0015,65.64,Uber,Transportation,2023-09-17 09:54:00,"Seattle, USA"
TXN000450,ACC0011,1765.34,United Airlines,Travel,2023-08-30 04:47:00,"Los Angeles, USA"
TXN000451,ACC0017,1162.16,Airbnb,Travel,2023-12-02 02:14:00,"London, UK"
TXN000452,ACC0023,176.21,Costco,Groceries,2023-07-10 08:37:00,"Seattle, USA"
TXN000453,ACC0019,24.72,Subway,Restaurants,2023-08-30 06:32:00,"Los Angeles, USA"
TXN000454,ACC0008,825.17,American Airlines,Travel,2023-03-19 04:12:00,"New York, USA"
TXN000455,ACC0022,180.18,Trader Joe's,Groceries,2023-06-11 22:11:00,"Miami, USA"
TXN000456,ACC0050,55.23,Starbucks,Restaurants,2023-11-21 01:00:00,"London, UK"
TXN000457,ACC0029,385.37,CVS Pharmacy,Healthcare,2023-09-08 02:08:00,"Chicago, USA"
TXN000458,ACC0040,94.44,Trader Joe's,Groceries,2023-07-16 00:02:00,"San Francisco, USA"
TXN000459,ACC0035,777.55,Best Buy,Electronics,2023-09-29 06:01:00,"Seattle, USA"
TXN000460,ACC0044,372.13,Amazon,Shopping,2023-06-09 04:06:00,"Seattle, USA"
TXN000461,ACC0025,18.78,Netflix,Subscription,2023-06-02 09:29:00,"New York, USA"
TXN000462,ACC0047,28.59,Netflix,Subscription,2023-06-25 15:22:00,"Chicago, USA"
TXN000463,ACC0049,1898.76,Best Buy,Electronics,2023-01-10 07:14:00,"Berlin, Germany"
TXN000464,ACC0047,372.36,Target,Shopping,2023-03-05 11:45:00,"Chicago, USA"
TXN000465,ACC0042,812.87,Delta Airlines,Travel,2023-11-01 01:42:00,"New York, USA"
TXN000466,ACC0007,5.89,Google Play,Subscription,2023-08-16 12:07:00,"Boston, USA"
TXN000467,ACC0036,356.9,CVS Pharmacy,Healthcare,2023-06-04 13:42:00,"New York, USA"
TXN000468,ACC0007,30.65,Uber,Transportation,2023-08-03 03:32:00,"Chicago, USA"
TXN000469,ACC0047,601.28,Microsoft Store,Electronics,2023-04-12 19:12:00,"Dubai, UAE"
TXN000470,ACC0050,271.11,CVS Pharmacy,Healthcare,2023-06-01 05:02:00,"Boston, USA"
TXN000471,ACC0036,37.49,Chipotle,Restaurants,2023-05-01 00:00:00,"London, UK"
TXN000472,ACC0043,23.68,Starbucks,Restaurants,2023-03-18 02:49:00,"San Francisco, USA"
TXN000473,ACC0033,110.75,Starbucks,Restaurants,2023-08-22 09:16:00,"San Francisco, USA"
TXN000474,ACC0030,410.33,Walmart,Shopping,2023-07-04 21:20:00,"Vancouver, Canada"
TXN000475,ACC0028,280.5,Airbnb,Travel,2023-01-05 04:42:00,"Los Angeles, USA"
TXN000476,ACC0042,376.8,Home Depot,Home Improvement,2023-02-17 11:52:00,"Miami, USA"
TXN000477,ACC0022,418.75,Home Depot,Home Improvement,2023-07-17 22:54:00,"Toronto, Canada"
TXN000478,ACC0031,1332.81,Delta Airlines,Travel,2023-03-09 22:46:00,"Houston, USA"
TXN000479,ACC0004,297.05,American Airlines,Travel,2023-10-19 21:28:00,"Dubai, UAE"
TXN000480,ACC0012,1569.37,Microsoft Store,Electronics,2023-12-17 23:57:00,"New York, USA"
TXN000481,ACC0009,77.31,Chipotle,Restaurants,2023-01-24 02:16:00,"Sydney, Australia"
TXN000482,ACC0042,63.75,Shell,Gas,2023-12-09 10:33:00,"Houston, USA"
TXN000483,ACC0034,63.73,Lyft,Transportation,2023-09-04 11:42:00,"Houston, USA"
TXN000484,ACC0044,11.69,Google Play,Subscription,2023-01-28 00:41:00,"Buenos Aires, Argentina"
TXN000485,ACC0011,26.12,Netflix,Subscription,2023-02-08 15:20:00,"Chicago, USA"
TXN000486,ACC0016,27.77,Shell,Gas,2023-07-26 07:05:00,"Boston, USA"
TXN000487,ACC0030,89.37,Subway,Restaurants,2023-08-17 10:07:00,"San Francisco, USA"
TXN000488,ACC0032,133.76,Airbnb,Travel,2023-10-13 17:00:00,"New York, USA"
TXN000489,ACC0006,1930.03,Delta Airlines,Travel,2023-12-02 21:29:00,"Houston, USA"
TXN000490,ACC0022,27.99,Exxon,Gas,2023-06-19 17:49:00,"San Francisco, USA"
TXN000491,ACC0040,1447.48,Microsoft Store,Electronics,2023-02-28 03:48:00,"San Francisco, USA"
TXN000492,ACC0043,78.15,Costco,Groceries,2023-10-08 16:23:00,"Vancouver, Canada"
TXN000493,ACC0045,135.36,McDonald's,Restaurants,2023-02-24 08:39:00,"Boston, USA"
TXN000494,ACC0013,1863.92,Best Buy,Electronics,2023-04-08 22:21:00,"San Francisco, USA"
TXN000495,ACC0007,188.35,Expedia,Travel,2023-08-19 14:42:00,"Los Angeles, USA"
TXN000496,ACC0038,48.37,Netflix,Subscription,2023-10-11 13:53:00,"New York, USA"
TXN000497,ACC0038,80.18,Chipotle,Restaurants,2023-12-21 18:11:00,"Seattle, USA"
TXN000498,ACC0047,296.75,United Airlines,Travel,2023-09-16 12:26:00,"Seattle, USA"
TXN000499,ACC0039,28.58,Lyft,Transportation,2023-05-31 14:51:00,"Seattle, USA"
TXN000500,ACC0009,309.21,Target,Shopping,2023-06-03 22:35:00,Singapore
